# This file was produced by the NASA Exoplanet Archive  http://exoplanetarchive.ipac.caltech.edu,,,,,,,,,,,,,,,,,,,,,,,,,,,,,,,,,,,,,,,,,,,,,,,,,,,,,,,,,,,,,,,,,,,,,,,,,,,,,,,,,,,,,,,,,,,,,,,,,,,,
# Fri Dec 30 18:30:29 2022,,,,,,,,,,,,,,,,,,,,,,,,,,,,,,,,,,,,,,,,,,,,,,,,,,,,,,,,,,,,,,,,,,,,,,,,,,,,,,,,,,,,,,,,,,,,,,,,,,,,
#,,,,,,,,,,,,,,,,,,,,,,,,,,,,,,,,,,,,,,,,,,,,,,,,,,,,,,,,,,,,,,,,,,,,,,,,,,,,,,,,,,,,,,,,,,,,,,,,,,,,
# CONSTRAINT:  where (plntname like 'bet Pic b'),,,,,,,,,,,,,,,,,,,,,,,,,,,,,,,,,,,,,,,,,,,,,,,,,,,,,,,,,,,,,,,,,,,,,,,,,,,,,,,,,,,,,,,,,,,,,,,,,,,,
#,,,,,,,,,,,,,,,,,,,,,,,,,,,,,,,,,,,,,,,,,,,,,,,,,,,,,,,,,,,,,,,,,,,,,,,,,,,,,,,,,,,,,,,,,,,,,,,,,,,,
# COLUMN plntname:       Planet Name,,,,,,,,,,,,,,,,,,,,,,,,,,,,,,,,,,,,,,,,,,,,,,,,,,,,,,,,,,,,,,,,,,,,,,,,,,,,,,,,,,,,,,,,,,,,,,,,,,,,
# COLUMN ra_str:         RA [sexagesimal],,,,,,,,,,,,,,,,,,,,,,,,,,,,,,,,,,,,,,,,,,,,,,,,,,,,,,,,,,,,,,,,,,,,,,,,,,,,,,,,,,,,,,,,,,,,,,,,,,,,
# COLUMN ra:             RA [deg],,,,,,,,,,,,,,,,,,,,,,,,,,,,,,,,,,,,,,,,,,,,,,,,,,,,,,,,,,,,,,,,,,,,,,,,,,,,,,,,,,,,,,,,,,,,,,,,,,,,
# COLUMN dec_str:        Dec [sexagesimal],,,,,,,,,,,,,,,,,,,,,,,,,,,,,,,,,,,,,,,,,,,,,,,,,,,,,,,,,,,,,,,,,,,,,,,,,,,,,,,,,,,,,,,,,,,,,,,,,,,,
# COLUMN dec:            Dec [deg],,,,,,,,,,,,,,,,,,,,,,,,,,,,,,,,,,,,,,,,,,,,,,,,,,,,,,,,,,,,,,,,,,,,,,,,,,,,,,,,,,,,,,,,,,,,,,,,,,,,
# COLUMN imdelthmag:     Delta mag H-band (planet-host) [mag],,,,,,,,,,,,,,,,,,,,,,,,,,,,,,,,,,,,,,,,,,,,,,,,,,,,,,,,,,,,,,,,,,,,,,,,,,,,,,,,,,,,,,,,,,,,,,,,,,,,
# COLUMN imdelthmagerr:  Delta mag H-band (planet-host) Unc. [mag],,,,,,,,,,,,,,,,,,,,,,,,,,,,,,,,,,,,,,,,,,,,,,,,,,,,,,,,,,,,,,,,,,,,,,,,,,,,,,,,,,,,,,,,,,,,,,,,,,,,
# COLUMN imdelthmaglim:  Delta mag H-band (planet-host) Limit Flag,,,,,,,,,,,,,,,,,,,,,,,,,,,,,,,,,,,,,,,,,,,,,,,,,,,,,,,,,,,,,,,,,,,,,,,,,,,,,,,,,,,,,,,,,,,,,,,,,,,,
# COLUMN imdeltjmag:     Delta mag J-band (planet-host) [mag],,,,,,,,,,,,,,,,,,,,,,,,,,,,,,,,,,,,,,,,,,,,,,,,,,,,,,,,,,,,,,,,,,,,,,,,,,,,,,,,,,,,,,,,,,,,,,,,,,,,
# COLUMN imdeltjmagerr:  Delta mag J-band (planet-host) Unc. [mag],,,,,,,,,,,,,,,,,,,,,,,,,,,,,,,,,,,,,,,,,,,,,,,,,,,,,,,,,,,,,,,,,,,,,,,,,,,,,,,,,,,,,,,,,,,,,,,,,,,,
# COLUMN imdeltjmaglim:  Delta mag J-band (planet-host) Limit Flag,,,,,,,,,,,,,,,,,,,,,,,,,,,,,,,,,,,,,,,,,,,,,,,,,,,,,,,,,,,,,,,,,,,,,,,,,,,,,,,,,,,,,,,,,,,,,,,,,,,,
# COLUMN imdeltkmag:     Delta mag K-band (planet-host) [mag],,,,,,,,,,,,,,,,,,,,,,,,,,,,,,,,,,,,,,,,,,,,,,,,,,,,,,,,,,,,,,,,,,,,,,,,,,,,,,,,,,,,,,,,,,,,,,,,,,,,
# COLUMN imdeltkmagerr:  Delta mag K-band (planet-host) Unc. [mag],,,,,,,,,,,,,,,,,,,,,,,,,,,,,,,,,,,,,,,,,,,,,,,,,,,,,,,,,,,,,,,,,,,,,,,,,,,,,,,,,,,,,,,,,,,,,,,,,,,,
# COLUMN imdeltkmaglim:  Delta mag K-band (planet-host) Limit Flag,,,,,,,,,,,,,,,,,,,,,,,,,,,,,,,,,,,,,,,,,,,,,,,,,,,,,,,,,,,,,,,,,,,,,,,,,,,,,,,,,,,,,,,,,,,,,,,,,,,,
# COLUMN imdeltlpmag:    Delta mag Lp-band (planet-host) [mag],,,,,,,,,,,,,,,,,,,,,,,,,,,,,,,,,,,,,,,,,,,,,,,,,,,,,,,,,,,,,,,,,,,,,,,,,,,,,,,,,,,,,,,,,,,,,,,,,,,,
# COLUMN imdeltlpmagerr: Delta mag Lp-band (planet-host) Unc. [mag],,,,,,,,,,,,,,,,,,,,,,,,,,,,,,,,,,,,,,,,,,,,,,,,,,,,,,,,,,,,,,,,,,,,,,,,,,,,,,,,,,,,,,,,,,,,,,,,,,,,
# COLUMN imdeltlpmaglim: Delta mag Lp-band (planet-host) Limit Flag,,,,,,,,,,,,,,,,,,,,,,,,,,,,,,,,,,,,,,,,,,,,,,,,,,,,,,,,,,,,,,,,,,,,,,,,,,,,,,,,,,,,,,,,,,,,,,,,,,,,
# COLUMN imangsep:       Projected separation star-planet [arcsec],,,,,,,,,,,,,,,,,,,,,,,,,,,,,,,,,,,,,,,,,,,,,,,,,,,,,,,,,,,,,,,,,,,,,,,,,,,,,,,,,,,,,,,,,,,,,,,,,,,,
# COLUMN imangseperr1:   Projected separation star-planet Upper Unc. [arcsec],,,,,,,,,,,,,,,,,,,,,,,,,,,,,,,,,,,,,,,,,,,,,,,,,,,,,,,,,,,,,,,,,,,,,,,,,,,,,,,,,,,,,,,,,,,,,,,,,,,,
# COLUMN imangseperr2:   Projected separation star-planet Lower Unc. [arcsec],,,,,,,,,,,,,,,,,,,,,,,,,,,,,,,,,,,,,,,,,,,,,,,,,,,,,,,,,,,,,,,,,,,,,,,,,,,,,,,,,,,,,,,,,,,,,,,,,,,,
# COLUMN imangseplim:    Projected separation star-planet Limit Flag,,,,,,,,,,,,,,,,,,,,,,,,,,,,,,,,,,,,,,,,,,,,,,,,,,,,,,,,,,,,,,,,,,,,,,,,,,,,,,,,,,,,,,,,,,,,,,,,,,,,
# COLUMN imsep:          Projected separation star-planet [au],,,,,,,,,,,,,,,,,,,,,,,,,,,,,,,,,,,,,,,,,,,,,,,,,,,,,,,,,,,,,,,,,,,,,,,,,,,,,,,,,,,,,,,,,,,,,,,,,,,,
# COLUMN imseperr1:      Projected separation star-planet Upper Unc. [au],,,,,,,,,,,,,,,,,,,,,,,,,,,,,,,,,,,,,,,,,,,,,,,,,,,,,,,,,,,,,,,,,,,,,,,,,,,,,,,,,,,,,,,,,,,,,,,,,,,,
# COLUMN imseperr2:      Projected separation star-planet Lower Unc. [au],,,,,,,,,,,,,,,,,,,,,,,,,,,,,,,,,,,,,,,,,,,,,,,,,,,,,,,,,,,,,,,,,,,,,,,,,,,,,,,,,,,,,,,,,,,,,,,,,,,,
# COLUMN imseplim:       Projected separation star-planet Limit Flag,,,,,,,,,,,,,,,,,,,,,,,,,,,,,,,,,,,,,,,,,,,,,,,,,,,,,,,,,,,,,,,,,,,,,,,,,,,,,,,,,,,,,,,,,,,,,,,,,,,,
# COLUMN imtruesep:      True separation star-planet [au],,,,,,,,,,,,,,,,,,,,,,,,,,,,,,,,,,,,,,,,,,,,,,,,,,,,,,,,,,,,,,,,,,,,,,,,,,,,,,,,,,,,,,,,,,,,,,,,,,,,
# COLUMN imtrueseperr1:  True separation star-planet Upper Unc. [au],,,,,,,,,,,,,,,,,,,,,,,,,,,,,,,,,,,,,,,,,,,,,,,,,,,,,,,,,,,,,,,,,,,,,,,,,,,,,,,,,,,,,,,,,,,,,,,,,,,,
# COLUMN imtrueseperr2:  True separation star-planet Lower Unc. [au],,,,,,,,,,,,,,,,,,,,,,,,,,,,,,,,,,,,,,,,,,,,,,,,,,,,,,,,,,,,,,,,,,,,,,,,,,,,,,,,,,,,,,,,,,,,,,,,,,,,
# COLUMN imtrueseplim:   True separation star-planet Limit Flag,,,,,,,,,,,,,,,,,,,,,,,,,,,,,,,,,,,,,,,,,,,,,,,,,,,,,,,,,,,,,,,,,,,,,,,,,,,,,,,,,,,,,,,,,,,,,,,,,,,,
# COLUMN impa:           Position angle star-planet [deg],,,,,,,,,,,,,,,,,,,,,,,,,,,,,,,,,,,,,,,,,,,,,,,,,,,,,,,,,,,,,,,,,,,,,,,,,,,,,,,,,,,,,,,,,,,,,,,,,,,,
# COLUMN impaerr1:       Position angle star-planet Upper Unc. [deg],,,,,,,,,,,,,,,,,,,,,,,,,,,,,,,,,,,,,,,,,,,,,,,,,,,,,,,,,,,,,,,,,,,,,,,,,,,,,,,,,,,,,,,,,,,,,,,,,,,,
# COLUMN impaerr2:       Position angle star-planet Lower Unc. [deg],,,,,,,,,,,,,,,,,,,,,,,,,,,,,,,,,,,,,,,,,,,,,,,,,,,,,,,,,,,,,,,,,,,,,,,,,,,,,,,,,,,,,,,,,,,,,,,,,,,,
# COLUMN impalim:        Position angle star-planet Limit Flag,,,,,,,,,,,,,,,,,,,,,,,,,,,,,,,,,,,,,,,,,,,,,,,,,,,,,,,,,,,,,,,,,,,,,,,,,,,,,,,,,,,,,,,,,,,,,,,,,,,,
# COLUMN imdist:         Distance [pc],,,,,,,,,,,,,,,,,,,,,,,,,,,,,,,,,,,,,,,,,,,,,,,,,,,,,,,,,,,,,,,,,,,,,,,,,,,,,,,,,,,,,,,,,,,,,,,,,,,,
# COLUMN imdisterr1:     Distance Upper Unc. [pc],,,,,,,,,,,,,,,,,,,,,,,,,,,,,,,,,,,,,,,,,,,,,,,,,,,,,,,,,,,,,,,,,,,,,,,,,,,,,,,,,,,,,,,,,,,,,,,,,,,,
# COLUMN imdisterr2:     Distance Lower Unc. [pc],,,,,,,,,,,,,,,,,,,,,,,,,,,,,,,,,,,,,,,,,,,,,,,,,,,,,,,,,,,,,,,,,,,,,,,,,,,,,,,,,,,,,,,,,,,,,,,,,,,,
# COLUMN imdistlim:      Distance Limit Flag,,,,,,,,,,,,,,,,,,,,,,,,,,,,,,,,,,,,,,,,,,,,,,,,,,,,,,,,,,,,,,,,,,,,,,,,,,,,,,,,,,,,,,,,,,,,,,,,,,,,
# COLUMN imtelescope:    Telescope,,,,,,,,,,,,,,,,,,,,,,,,,,,,,,,,,,,,,,,,,,,,,,,,,,,,,,,,,,,,,,,,,,,,,,,,,,,,,,,,,,,,,,,,,,,,,,,,,,,,
# COLUMN iminstrument:   Instrument,,,,,,,,,,,,,,,,,,,,,,,,,,,,,,,,,,,,,,,,,,,,,,,,,,,,,,,,,,,,,,,,,,,,,,,,,,,,,,,,,,,,,,,,,,,,,,,,,,,,
# COLUMN imdateobs:      Date Obs [UT],,,,,,,,,,,,,,,,,,,,,,,,,,,,,,,,,,,,,,,,,,,,,,,,,,,,,,,,,,,,,,,,,,,,,,,,,,,,,,,,,,,,,,,,,,,,,,,,,,,,
# COLUMN imcluster:      Cluster or group membership of host,,,,,,,,,,,,,,,,,,,,,,,,,,,,,,,,,,,,,,,,,,,,,,,,,,,,,,,,,,,,,,,,,,,,,,,,,,,,,,,,,,,,,,,,,,,,,,,,,,,,
# COLUMN imreflink:      Reference,,,,,,,,,,,,,,,,,,,,,,,,,,,,,,,,,,,,,,,,,,,,,,,,,,,,,,,,,,,,,,,,,,,,,,,,,,,,,,,,,,,,,,,,,,,,,,,,,,,,
# COLUMN imdisk:         Circumstellar Disk Detected?,,,,,,,,,,,,,,,,,,,,,,,,,,,,,,,,,,,,,,,,,,,,,,,,,,,,,,,,,,,,,,,,,,,,,,,,,,,,,,,,,,,,,,,,,,,,,,,,,,,,
# COLUMN imcorona:       Coronagraph Used?,,,,,,,,,,,,,,,,,,,,,,,,,,,,,,,,,,,,,,,,,,,,,,,,,,,,,,,,,,,,,,,,,,,,,,,,,,,,,,,,,,,,,,,,,,,,,,,,,,,,
# COLUMN imifu:          IFU Used?,,,,,,,,,,,,,,,,,,,,,,,,,,,,,,,,,,,,,,,,,,,,,,,,,,,,,,,,,,,,,,,,,,,,,,,,,,,,,,,,,,,,,,,,,,,,,,,,,,,,
# COLUMN ns:             Number of Stars,,,,,,,,,,,,,,,,,,,,,,,,,,,,,,,,,,,,,,,,,,,,,,,,,,,,,,,,,,,,,,,,,,,,,,,,,,,,,,,,,,,,,,,,,,,,,,,,,,,,
# COLUMN glon:           Galactic Longitude [deg],,,,,,,,,,,,,,,,,,,,,,,,,,,,,,,,,,,,,,,,,,,,,,,,,,,,,,,,,,,,,,,,,,,,,,,,,,,,,,,,,,,,,,,,,,,,,,,,,,,,
# COLUMN glat:           Galactic Latitude [deg],,,,,,,,,,,,,,,,,,,,,,,,,,,,,,,,,,,,,,,,,,,,,,,,,,,,,,,,,,,,,,,,,,,,,,,,,,,,,,,,,,,,,,,,,,,,,,,,,,,,
# COLUMN imjmag:         Stellar Magnitude J-band [mag],,,,,,,,,,,,,,,,,,,,,,,,,,,,,,,,,,,,,,,,,,,,,,,,,,,,,,,,,,,,,,,,,,,,,,,,,,,,,,,,,,,,,,,,,,,,,,,,,,,,
# COLUMN imjmagerr:      Stellar Magnitude J-band Unc. [mag],,,,,,,,,,,,,,,,,,,,,,,,,,,,,,,,,,,,,,,,,,,,,,,,,,,,,,,,,,,,,,,,,,,,,,,,,,,,,,,,,,,,,,,,,,,,,,,,,,,,
# COLUMN imjmaglim:      Stellar Magnitude J-band Limit Flag,,,,,,,,,,,,,,,,,,,,,,,,,,,,,,,,,,,,,,,,,,,,,,,,,,,,,,,,,,,,,,,,,,,,,,,,,,,,,,,,,,,,,,,,,,,,,,,,,,,,
# COLUMN imhmag:         Stellar Magnitude H-band [mag],,,,,,,,,,,,,,,,,,,,,,,,,,,,,,,,,,,,,,,,,,,,,,,,,,,,,,,,,,,,,,,,,,,,,,,,,,,,,,,,,,,,,,,,,,,,,,,,,,,,
# COLUMN imhmagerr:      Stellar Magnitude H-band Unc. [mag],,,,,,,,,,,,,,,,,,,,,,,,,,,,,,,,,,,,,,,,,,,,,,,,,,,,,,,,,,,,,,,,,,,,,,,,,,,,,,,,,,,,,,,,,,,,,,,,,,,,
# COLUMN imhmaglim:      Stellar Magnitude H-band Limit Flag,,,,,,,,,,,,,,,,,,,,,,,,,,,,,,,,,,,,,,,,,,,,,,,,,,,,,,,,,,,,,,,,,,,,,,,,,,,,,,,,,,,,,,,,,,,,,,,,,,,,
# COLUMN imkmag:         Stellar Magnitude K-band [mag],,,,,,,,,,,,,,,,,,,,,,,,,,,,,,,,,,,,,,,,,,,,,,,,,,,,,,,,,,,,,,,,,,,,,,,,,,,,,,,,,,,,,,,,,,,,,,,,,,,,
# COLUMN imkmagerr:      Stellar Magnitude K-band Unc. [mag],,,,,,,,,,,,,,,,,,,,,,,,,,,,,,,,,,,,,,,,,,,,,,,,,,,,,,,,,,,,,,,,,,,,,,,,,,,,,,,,,,,,,,,,,,,,,,,,,,,,
# COLUMN imkmaglim:      Stellar Magnitude K-band Limit Flag,,,,,,,,,,,,,,,,,,,,,,,,,,,,,,,,,,,,,,,,,,,,,,,,,,,,,,,,,,,,,,,,,,,,,,,,,,,,,,,,,,,,,,,,,,,,,,,,,,,,
# COLUMN imlpmag:        Stellar Magnitude Lp-band [mag],,,,,,,,,,,,,,,,,,,,,,,,,,,,,,,,,,,,,,,,,,,,,,,,,,,,,,,,,,,,,,,,,,,,,,,,,,,,,,,,,,,,,,,,,,,,,,,,,,,,
# COLUMN imlpmagerr:     Stellar Magnitude Lp-band Unc. [mag],,,,,,,,,,,,,,,,,,,,,,,,,,,,,,,,,,,,,,,,,,,,,,,,,,,,,,,,,,,,,,,,,,,,,,,,,,,,,,,,,,,,,,,,,,,,,,,,,,,,
# COLUMN imlpmaglim:     Stellar Magnitude Lp-band Limit Flag,,,,,,,,,,,,,,,,,,,,,,,,,,,,,,,,,,,,,,,,,,,,,,,,,,,,,,,,,,,,,,,,,,,,,,,,,,,,,,,,,,,,,,,,,,,,,,,,,,,,
# COLUMN implnjmag:      Planet Magnitude J-band [mag],,,,,,,,,,,,,,,,,,,,,,,,,,,,,,,,,,,,,,,,,,,,,,,,,,,,,,,,,,,,,,,,,,,,,,,,,,,,,,,,,,,,,,,,,,,,,,,,,,,,
# COLUMN implnjmagerr:   Planet Magnitude J-band Unc. [mag],,,,,,,,,,,,,,,,,,,,,,,,,,,,,,,,,,,,,,,,,,,,,,,,,,,,,,,,,,,,,,,,,,,,,,,,,,,,,,,,,,,,,,,,,,,,,,,,,,,,
# COLUMN implnjmaglim:   Planet Magnitude J-band Limit Flag,,,,,,,,,,,,,,,,,,,,,,,,,,,,,,,,,,,,,,,,,,,,,,,,,,,,,,,,,,,,,,,,,,,,,,,,,,,,,,,,,,,,,,,,,,,,,,,,,,,,
# COLUMN implnhmag:      Planet Magnitude H-band [mag],,,,,,,,,,,,,,,,,,,,,,,,,,,,,,,,,,,,,,,,,,,,,,,,,,,,,,,,,,,,,,,,,,,,,,,,,,,,,,,,,,,,,,,,,,,,,,,,,,,,
# COLUMN implnhmagerr:   Planet Magnitude H-band Unc. [mag],,,,,,,,,,,,,,,,,,,,,,,,,,,,,,,,,,,,,,,,,,,,,,,,,,,,,,,,,,,,,,,,,,,,,,,,,,,,,,,,,,,,,,,,,,,,,,,,,,,,
# COLUMN implnhmaglim:   Planet Magnitude H-band Limit Flag,,,,,,,,,,,,,,,,,,,,,,,,,,,,,,,,,,,,,,,,,,,,,,,,,,,,,,,,,,,,,,,,,,,,,,,,,,,,,,,,,,,,,,,,,,,,,,,,,,,,
# COLUMN implnkmag:      Planet Magnitude K-band [mag],,,,,,,,,,,,,,,,,,,,,,,,,,,,,,,,,,,,,,,,,,,,,,,,,,,,,,,,,,,,,,,,,,,,,,,,,,,,,,,,,,,,,,,,,,,,,,,,,,,,
# COLUMN implnkmagerr:   Planet Magnitude K-band Unc. [mag],,,,,,,,,,,,,,,,,,,,,,,,,,,,,,,,,,,,,,,,,,,,,,,,,,,,,,,,,,,,,,,,,,,,,,,,,,,,,,,,,,,,,,,,,,,,,,,,,,,,
# COLUMN implnkmaglim:   Planet Magnitude K-band Limit Flag,,,,,,,,,,,,,,,,,,,,,,,,,,,,,,,,,,,,,,,,,,,,,,,,,,,,,,,,,,,,,,,,,,,,,,,,,,,,,,,,,,,,,,,,,,,,,,,,,,,,
# COLUMN implnlpmag:     Planet Magnitude Lp-band [mag],,,,,,,,,,,,,,,,,,,,,,,,,,,,,,,,,,,,,,,,,,,,,,,,,,,,,,,,,,,,,,,,,,,,,,,,,,,,,,,,,,,,,,,,,,,,,,,,,,,,
# COLUMN implnlpmagerr:  Planet Magnitude Lp-band Unc. [mag],,,,,,,,,,,,,,,,,,,,,,,,,,,,,,,,,,,,,,,,,,,,,,,,,,,,,,,,,,,,,,,,,,,,,,,,,,,,,,,,,,,,,,,,,,,,,,,,,,,,
# COLUMN implnlpmaglim:  Planet Magnitude Lp-band Limit Flag,,,,,,,,,,,,,,,,,,,,,,,,,,,,,,,,,,,,,,,,,,,,,,,,,,,,,,,,,,,,,,,,,,,,,,,,,,,,,,,,,,,,,,,,,,,,,,,,,,,,
# COLUMN imstype:        Stellar Spectral Type,,,,,,,,,,,,,,,,,,,,,,,,,,,,,,,,,,,,,,,,,,,,,,,,,,,,,,,,,,,,,,,,,,,,,,,,,,,,,,,,,,,,,,,,,,,,,,,,,,,,
# COLUMN immass:         Stellar Mass [solar mass],,,,,,,,,,,,,,,,,,,,,,,,,,,,,,,,,,,,,,,,,,,,,,,,,,,,,,,,,,,,,,,,,,,,,,,,,,,,,,,,,,,,,,,,,,,,,,,,,,,,
# COLUMN immasserr1:     Stellar Mass Upper Unc. [solar mass],,,,,,,,,,,,,,,,,,,,,,,,,,,,,,,,,,,,,,,,,,,,,,,,,,,,,,,,,,,,,,,,,,,,,,,,,,,,,,,,,,,,,,,,,,,,,,,,,,,,
# COLUMN immasserr2:     Stellar Mass Lower Unc. [solar mass],,,,,,,,,,,,,,,,,,,,,,,,,,,,,,,,,,,,,,,,,,,,,,,,,,,,,,,,,,,,,,,,,,,,,,,,,,,,,,,,,,,,,,,,,,,,,,,,,,,,
# COLUMN immasslim:      Stellar Mass Limit Flag,,,,,,,,,,,,,,,,,,,,,,,,,,,,,,,,,,,,,,,,,,,,,,,,,,,,,,,,,,,,,,,,,,,,,,,,,,,,,,,,,,,,,,,,,,,,,,,,,,,,
# COLUMN image:          Stellar Age [My],,,,,,,,,,,,,,,,,,,,,,,,,,,,,,,,,,,,,,,,,,,,,,,,,,,,,,,,,,,,,,,,,,,,,,,,,,,,,,,,,,,,,,,,,,,,,,,,,,,,
# COLUMN imageerr1:      Stellar Age Upper Unc. [My],,,,,,,,,,,,,,,,,,,,,,,,,,,,,,,,,,,,,,,,,,,,,,,,,,,,,,,,,,,,,,,,,,,,,,,,,,,,,,,,,,,,,,,,,,,,,,,,,,,,
# COLUMN imageerr2:      Stellar Age Lower Unc. [My],,,,,,,,,,,,,,,,,,,,,,,,,,,,,,,,,,,,,,,,,,,,,,,,,,,,,,,,,,,,,,,,,,,,,,,,,,,,,,,,,,,,,,,,,,,,,,,,,,,,
# COLUMN imagelim:       Stellar Age Limit Flag,,,,,,,,,,,,,,,,,,,,,,,,,,,,,,,,,,,,,,,,,,,,,,,,,,,,,,,,,,,,,,,,,,,,,,,,,,,,,,,,,,,,,,,,,,,,,,,,,,,,
# COLUMN imlum:          Stellar Luminosity [solar luminosity],,,,,,,,,,,,,,,,,,,,,,,,,,,,,,,,,,,,,,,,,,,,,,,,,,,,,,,,,,,,,,,,,,,,,,,,,,,,,,,,,,,,,,,,,,,,,,,,,,,,
# COLUMN imlumerr1:      Stellar Luminosity Upper Unc. [solar luminosity],,,,,,,,,,,,,,,,,,,,,,,,,,,,,,,,,,,,,,,,,,,,,,,,,,,,,,,,,,,,,,,,,,,,,,,,,,,,,,,,,,,,,,,,,,,,,,,,,,,,
# COLUMN imlumerr2:      Stellar Luminosity Lower Unc. [solar luminosity],,,,,,,,,,,,,,,,,,,,,,,,,,,,,,,,,,,,,,,,,,,,,,,,,,,,,,,,,,,,,,,,,,,,,,,,,,,,,,,,,,,,,,,,,,,,,,,,,,,,
# COLUMN imlumlim:       Stellar Luminosity Limit Flag,,,,,,,,,,,,,,,,,,,,,,,,,,,,,,,,,,,,,,,,,,,,,,,,,,,,,,,,,,,,,,,,,,,,,,,,,,,,,,,,,,,,,,,,,,,,,,,,,,,,
# COLUMN implmass:       Planet Mass [Jupiter mass],,,,,,,,,,,,,,,,,,,,,,,,,,,,,,,,,,,,,,,,,,,,,,,,,,,,,,,,,,,,,,,,,,,,,,,,,,,,,,,,,,,,,,,,,,,,,,,,,,,,
# COLUMN implmasserr1:   Planet Mass Upper Unc. [Jupiter mass],,,,,,,,,,,,,,,,,,,,,,,,,,,,,,,,,,,,,,,,,,,,,,,,,,,,,,,,,,,,,,,,,,,,,,,,,,,,,,,,,,,,,,,,,,,,,,,,,,,,
# COLUMN implmasserr2:   Planet Mass Lower Unc. [Jupiter mass],,,,,,,,,,,,,,,,,,,,,,,,,,,,,,,,,,,,,,,,,,,,,,,,,,,,,,,,,,,,,,,,,,,,,,,,,,,,,,,,,,,,,,,,,,,,,,,,,,,,
# COLUMN implmasslim:    Planet Mass Limit Flag,,,,,,,,,,,,,,,,,,,,,,,,,,,,,,,,,,,,,,,,,,,,,,,,,,,,,,,,,,,,,,,,,,,,,,,,,,,,,,,,,,,,,,,,,,,,,,,,,,,,
# COLUMN implstype:      Planet Spectral Type,,,,,,,,,,,,,,,,,,,,,,,,,,,,,,,,,,,,,,,,,,,,,,,,,,,,,,,,,,,,,,,,,,,,,,,,,,,,,,,,,,,,,,,,,,,,,,,,,,,,
# COLUMN impltemp:       Planet Temperature [K],,,,,,,,,,,,,,,,,,,,,,,,,,,,,,,,,,,,,,,,,,,,,,,,,,,,,,,,,,,,,,,,,,,,,,,,,,,,,,,,,,,,,,,,,,,,,,,,,,,,
# COLUMN impltemperr1:   Planet Temperature Upper Unc. [K],,,,,,,,,,,,,,,,,,,,,,,,,,,,,,,,,,,,,,,,,,,,,,,,,,,,,,,,,,,,,,,,,,,,,,,,,,,,,,,,,,,,,,,,,,,,,,,,,,,,
# COLUMN impltemperr2:   Planet Temperature Lower Unc. [K],,,,,,,,,,,,,,,,,,,,,,,,,,,,,,,,,,,,,,,,,,,,,,,,,,,,,,,,,,,,,,,,,,,,,,,,,,,,,,,,,,,,,,,,,,,,,,,,,,,,
# COLUMN impltemplim:    Planet Temperature Limit Flag,,,,,,,,,,,,,,,,,,,,,,,,,,,,,,,,,,,,,,,,,,,,,,,,,,,,,,,,,,,,,,,,,,,,,,,,,,,,,,,,,,,,,,,,,,,,,,,,,,,,
# COLUMN implradius:     Planet Radius [Jupiter radius],,,,,,,,,,,,,,,,,,,,,,,,,,,,,,,,,,,,,,,,,,,,,,,,,,,,,,,,,,,,,,,,,,,,,,,,,,,,,,,,,,,,,,,,,,,,,,,,,,,,
# COLUMN implradiuserr1: Planet Radius Upper Unc. [Jupiter radius],,,,,,,,,,,,,,,,,,,,,,,,,,,,,,,,,,,,,,,,,,,,,,,,,,,,,,,,,,,,,,,,,,,,,,,,,,,,,,,,,,,,,,,,,,,,,,,,,,,,
# COLUMN implradiuserr2: Planet Radius Lower Unc. [Jupiter radius],,,,,,,,,,,,,,,,,,,,,,,,,,,,,,,,,,,,,,,,,,,,,,,,,,,,,,,,,,,,,,,,,,,,,,,,,,,,,,,,,,,,,,,,,,,,,,,,,,,,
# COLUMN implradiuslim:  Planet Radius Limit Flag,,,,,,,,,,,,,,,,,,,,,,,,,,,,,,,,,,,,,,,,,,,,,,,,,,,,,,,,,,,,,,,,,,,,,,,,,,,,,,,,,,,,,,,,,,,,,,,,,,,,
# COLUMN immodel:        Model Description,,,,,,,,,,,,,,,,,,,,,,,,,,,,,,,,,,,,,,,,,,,,,,,,,,,,,,,,,,,,,,,,,,,,,,,,,,,,,,,,,,,,,,,,,,,,,,,,,,,,
# COLUMN immodeldef:     Default Model,,,,,,,,,,,,,,,,,,,,,,,,,,,,,,,,,,,,,,,,,,,,,,,,,,,,,,,,,,,,,,,,,,,,,,,,,,,,,,,,,,,,,,,,,,,,,,,,,,,,
# COLUMN imnotes:        Notes,,,,,,,,,,,,,,,,,,,,,,,,,,,,,,,,,,,,,,,,,,,,,,,,,,,,,,,,,,,,,,,,,,,,,,,,,,,,,,,,,,,,,,,,,,,,,,,,,,,,
#,,,,,,,,,,,,,,,,,,,,,,,,,,,,,,,,,,,,,,,,,,,,,,,,,,,,,,,,,,,,,,,,,,,,,,,,,,,,,,,,,,,,,,,,,,,,,,,,,,,,
plntname,ra_str,ra,dec_str,dec,imdelthmag,imdelthmagerr,imdelthmaglim,imdeltjmag,imdeltjmagerr,imdeltjmaglim,imdeltkmag,imdeltkmagerr,imdeltkmaglim,imdeltlpmag,imdeltlpmagerr,imdeltlpmaglim,imangsep,imangseperr1,imangseperr2,imangseplim,imsep,imseperr1,imseperr2,imseplim,imtruesep,imtrueseperr1,imtrueseperr2,imtrueseplim,impa,impaerr1,impaerr2,impalim,imdist,imdisterr1,imdisterr2,imdistlim,imtelescope,iminstrument,imdateobs,imcluster,imreflink,imdisk,imcorona,imifu,ns,glon,glat,imjmag,imjmagerr,imjmaglim,imhmag,imhmagerr,imhmaglim,imkmag,imkmagerr,imkmaglim,imlpmag,imlpmagerr,imlpmaglim,implnjmag,implnjmagerr,implnjmaglim,implnhmag,implnhmagerr,implnhmaglim,implnkmag,implnkmagerr,implnkmaglim,implnlpmag,implnlpmagerr,implnlpmaglim,imstype,immass,immasserr1,immasserr2,immasslim,image,imageerr1,imageerr2,imagelim,imlum,imlumerr1,imlumerr2,imlumlim,implmass,implmasserr1,implmasserr2,implmasslim,implstype,impltemp,impltemperr1,impltemperr2,impltemplim,implradius,implradiuserr1,implradiuserr2,implradiuslim,immodel,immodeldef,imnotes
bet Pic b,05:47:17.08,86.8211975,-51:03:59.4,-51.0665131,7.7,0.3,0,,,,,,,,,,0.411,0.008,-0.008,0,7.9,0.2,0.2,0,,,,,31.8,1.3,-1.3,0,19.2,0.2,-0.2,0,VLT:Yepun,NACO,2003-11-10,bet Pic,<a href=https://ui.adsabs.harvard.edu/abs/2009A&A...493L..21L/abstract target=ref>Lagrange et al. 2009</a>,1,0,0,1,258.36388,-30.6116321,,,,,,,,,,3.5,,0,,,,11.2,0.3,0,,,,,,,A5V,,,,,12,8,-4,0,,,,,,,,,,,,,,,,,,,0,
bet Pic b,05:47:17.08,86.8211975,-51:03:59.4,-51.0665131,7.6,0.4,0,,,,,,,,,,0.401,0.008,-0.008,0,7.7,0.2,0.2,0,,,,,32.1,1.4,-1.4,0,19.2,0.2,-0.2,0,VLT:Yepun,NACO,2003-11-13,bet Pic,<a href=https://ui.adsabs.harvard.edu/abs/2009A&A...493L..21L/abstract target=ref>Lagrange et al. 2009</a>,1,0,0,1,258.36388,-30.6116321,,,,,,,,,,3.5,,0,,,,11.1,0.3,0,,,,,,,A5V,,,,,12,8,-4,0,,,,,,,,,,,,,,,,,,,0,
bet Pic b,05:47:17.08,86.8211975,-51:03:59.4,-51.0665131,,,,,,,,,,,,,0.323,0.01,-0.01,0,9.1,5.3,-0.5,0,,,,,209.3,1.8,-1.8,0,19.4,,,0,Gemini:South,NICI,2009-12-03,bet Pic,<a href=https://ui.adsabs.harvard.edu/abs/2014ApJ...794..158N/abstract target=ref>Nielsen et al. 2014</a>,1,0,1,1,258.36388,-30.6116321,,,,,,,,,,,,,,,,,,,,,,,,,A6,1.76,0.18,-0.17,0,,,,,,,,,,,,,,,,,,,,,,,0,CH4S filter used
bet Pic b,05:47:17.08,86.8211975,-51:03:59.4,-51.0665131,,,,,,,,,,,,,0.407,0.005,-0.005,0,9.1,5.3,-0.5,0,,,,,212.9,1.4,-1.4,0,19.4,,,0,Gemini:South,NICI,2010-12-25,bet Pic,<a href=https://ui.adsabs.harvard.edu/abs/2014ApJ...794..158N/abstract target=ref>Nielsen et al. 2014</a>,1,0,1,1,258.36388,-30.6116321,,,,,,,,,,,,,,,,,,,,,,,,,A6,1.76,0.18,-0.17,0,,,,,,,,,,,,,,,,,,,,,,,0,Ks filter used
bet Pic b,05:47:17.08,86.8211975,-51:03:59.4,-51.0665131,,,,,,,,,,,,,0.452,0.005,-0.005,0,9.1,5.3,-0.5,0,,,,,211.6,0.6,-0.6,0,19.4,,,0,Gemini:South,NICI,2011-10-20,bet Pic,<a href=https://ui.adsabs.harvard.edu/abs/2014ApJ...794..158N/abstract target=ref>Nielsen et al. 2014</a>,1,0,0,1,258.36388,-30.6116321,,,,,,,,,,,,,,,,,,,,,,,,,A6,1.76,0.18,-0.17,0,,,,,,,,,,,,,,,,,,,,,,,0,Kcont filter used
bet Pic b,05:47:17.08,86.8211975,-51:03:59.4,-51.0665131,,,,,,,,,,,,,0.455,0.003,-0.003,0,9.1,5.3,-0.5,0,,,,,209.3,1.8,-1.8,0,19.4,,,0,Gemini:South,NICI,2011-10-20,bet Pic,<a href=https://ui.adsabs.harvard.edu/abs/2014ApJ...794..158N/abstract target=ref>Nielsen et al. 2014</a>,1,0,1,1,258.36388,-30.6116321,,,,,,,,,,,,,,,,,,,,,,,,,A6,1.76,0.18,-0.17,0,,,,,,,,,,,,,,,,,,,,,,,0,CH4S filter used
bet Pic b,05:47:17.08,86.8211975,-51:03:59.4,-51.0665131,,,,,,,,,,,,,0.448,0.005,-0.005,0,9.1,5.3,-0.5,0,,,,,211.8,0.6,-0.6,0,19.4,,,0,Gemini:South,NICI,2012-03-29,bet Pic,<a href=https://ui.adsabs.harvard.edu/abs/2014ApJ...794..158N/abstract target=ref>Nielsen et al. 2014</a>,1,0,0,1,258.36388,-30.6116321,,,,,,,,,,,,,,,,,,,,,,,,,A6,1.76,0.18,-0.17,0,,,,,,,,,,,,,,,,,,,,,,,0,Kcont filter used
bet Pic b,05:47:17.08,86.8211975,-51:03:59.4,-51.0665131,,,,,,,,,,,,,0.447,0.003,-0.003,0,9.1,5.3,-0.5,0,,,,,210.8,0.4,-0.4,0,19.4,,,0,Gemini:South,NICI,2012-03-29,bet Pic,<a href=https://ui.adsabs.harvard.edu/abs/2014ApJ...794..158N/abstract target=ref>Nielsen et al. 2014</a>,1,0,1,1,258.36388,-30.6116321,,,,,,,,,,,,,,,,,,,,,,,,,A6,1.76,0.18,-0.17,0,,,,,,,,,,,,,,,,,,,,,,,0,CH4S filter used
bet Pic b,05:47:17.08,86.8211975,-51:03:59.4,-51.0665131,,,,,,,,,,,,,0.461,0.014,-0.014,0,9.1,5.3,-0.5,0,,,,,211.9,1.2,-1.2,0,19.4,,,0,Magellan:Clay,Clio2,2012-12-02,bet Pic,<a href=https://ui.adsabs.harvard.edu/abs/2014ApJ...794..158N/abstract target=ref>Nielsen et al. 2014</a>,1,0,0,1,258.36388,-30.6116321,,,,,,,,,,,,,,,,,,,,,,,,,A6,1.76,0.18,-0.17,0,,,,,,,,,,,,,,,,,,,,,,,0,L' and M' filter used
